City_ID,City,Lat,Lng,Max Temp,Humidity,Cloudiness,Wind Speed,Country,Date
0,ilulissat,69.2167,-51.1,-5.99,79,100,10.8,GL,2022-12-01
1,hasaki,35.7333,140.8333,10.22,77,100,8.07,JP,2022-12-01
2,torbay,47.6666,-52.7314,-4.29,86,0,3.09,CA,2022-12-01
3,bluff,-46.6,168.3333,10.45,59,57,9.24,NZ,2022-12-01
4,jaciara,-15.9653,-54.9683,21.33,95,100,1.69,BR,2022-12-01
5,broken hill,-31.95,141.4333,25.37,26,67,7.1,AU,2022-12-01
6,grong,64.4654,12.3149,-0.4,86,27,1.19,NO,2022-12-01
7,grimshaw,56.1834,-117.6027,-24.21,70,40,4.63,CA,2022-12-01
8,atuona,-9.8,-139.0333,25.62,74,74,5.85,PF,2022-12-01
9,mount gambier,-37.8333,140.7667,19.0,57,47,4.9,AU,2022-12-01
10,cape town,-33.9258,18.4232,18.23,87,20,2.06,ZA,2022-12-01
11,mareeba,-17.0,145.4333,26.91,81,100,0.5,AU,2022-12-01
12,punta arenas,-53.15,-70.9167,9.06,61,20,7.2,CL,2022-12-01
13,morehead,37.2711,-87.1764,-1.12,86,0,0.0,US,2022-12-01
14,salalah,17.0151,54.0924,22.05,56,20,1.03,OM,2022-12-01
15,lebu,-37.6167,-73.65,11.54,77,0,9.27,CL,2022-12-01
16,moranbah,-22.0016,148.0466,24.98,55,97,6.27,AU,2022-12-01
17,ostrovnoy,68.0531,39.5131,-4.28,89,99,2.96,RU,2022-12-01
18,beisfjord,68.3751,17.5988,0.03,93,100,1.16,NO,2022-12-01
19,upernavik,72.7868,-56.1549,-14.0,91,100,8.76,GL,2022-12-01
20,cidreira,-30.1811,-50.2056,21.62,95,100,8.74,BR,2022-12-01
21,arraial do cabo,-22.9661,-42.0278,23.39,92,100,11.58,BR,2022-12-01
22,plettenberg bay,-34.0527,23.3716,16.44,86,0,1.61,ZA,2022-12-01
23,nanortalik,60.1432,-45.2371,-2.9,77,62,15.02,GL,2022-12-01
24,jamestown,42.097,-79.2353,-1.83,95,100,7.6,US,2022-12-01
25,lleida,41.6167,0.6167,3.27,93,40,1.54,ES,2022-12-01
26,busselton,-33.65,115.3333,22.76,55,48,3.93,AU,2022-12-01
27,zboriste,45.1458,16.0178,3.56,97,100,2.24,BA,2022-12-01
28,dikson,73.5069,80.5464,-5.26,95,100,6.26,RU,2022-12-01
29,hobart,-42.8794,147.3294,16.81,55,75,4.12,AU,2022-12-01
30,san cristobal,7.7669,-72.225,17.56,96,57,1.9,VE,2022-12-01
31,rikitea,-23.1203,-134.9692,22.77,73,68,5.83,PF,2022-12-01
32,tarko-sale,64.9225,77.785,-22.88,94,31,3.38,RU,2022-12-01
33,kapaa,22.0752,-159.319,27.18,79,75,6.17,US,2022-12-01
34,albany,42.6001,-73.9662,3.5,72,57,0.45,US,2022-12-01
35,saskylakh,71.9167,114.0833,-34.76,98,98,3.14,RU,2022-12-01
36,basco,20.4487,121.9702,25.99,82,83,10.97,PH,2022-12-01
37,iqaluit,63.7506,-68.5145,-25.73,62,20,4.12,CA,2022-12-01
38,georgetown,5.4112,100.3354,30.96,75,20,3.6,MY,2022-12-01
39,aswan,24.0934,32.907,17.18,54,21,3.53,EG,2022-12-01
40,yerbogachen,61.2767,108.0108,-23.54,98,100,2.25,RU,2022-12-01
41,tilichiki,60.4667,166.1,0.37,98,100,12.14,RU,2022-12-01
42,north bend,43.4065,-124.2243,7.26,94,100,5.66,US,2022-12-01
43,butaritari,3.0707,172.7902,27.47,76,26,5.77,KI,2022-12-01
44,codrington,-38.2667,141.9667,15.97,73,85,5.55,AU,2022-12-01
45,pacific grove,36.6177,-121.9166,9.68,81,0,2.24,US,2022-12-01
46,klaebu,63.2976,10.4826,-0.36,88,100,1.54,NO,2022-12-01
47,mataura,-46.1927,168.8643,10.27,54,76,4.43,NZ,2022-12-01
48,camacha,33.0833,-16.3333,16.68,88,75,6.17,PT,2022-12-01
49,shelburne,44.0787,-80.2041,-3.39,92,87,10.47,CA,2022-12-01
50,hermanus,-34.4187,19.2345,13.78,83,100,1.6,ZA,2022-12-01
51,zhanaozen,43.3,52.8,-3.09,28,100,5.57,KZ,2022-12-01
52,avarua,-21.2078,-159.775,27.03,78,40,6.69,CK,2022-12-01
53,yanam,16.7333,82.2167,26.82,69,15,2.58,IN,2022-12-01
54,bonavista,48.6499,-53.1147,-1.68,68,22,5.43,CA,2022-12-01
55,castro,-24.7911,-50.0119,15.2,99,63,2.05,BR,2022-12-01
56,puerto ayora,-0.7393,-90.3518,20.86,90,61,1.79,EC,2022-12-01
57,esperance,-33.8667,121.9,29.48,34,0,5.3,AU,2022-12-01
58,srikakulam,18.3,83.9,25.29,65,4,2.32,IN,2022-12-01
59,nikolskoye,59.7035,30.7861,-5.05,89,96,1.74,RU,2022-12-01
60,portland,45.5234,-122.6762,6.32,93,75,2.68,US,2022-12-01
61,hilo,19.7297,-155.09,27.38,87,40,2.06,US,2022-12-01
62,tuktoyaktuk,69.4541,-133.0374,-17.0,85,100,3.6,CA,2022-12-01
63,salaga,8.5508,-0.5188,25.06,44,5,2.16,GH,2022-12-01
64,saint-francois,46.4154,3.9054,5.69,93,100,3.09,FR,2022-12-01
65,rio branco,-9.9747,-67.81,27.34,83,20,2.06,BR,2022-12-01
66,bouna,9.2667,-3.0,24.1,73,57,1.62,CI,2022-12-01
67,saint-pierre,-21.3393,55.4781,26.82,57,0,1.54,RE,2022-12-01
68,tenenkou,14.4572,-4.9169,23.94,15,88,3.57,ML,2022-12-01
69,wote,-1.7808,37.6288,16.97,95,87,0.49,KE,2022-12-01
70,esfahan,32.6572,51.6776,-1.2,50,1,0.3,IR,2022-12-01
71,ushuaia,-54.8,-68.3,7.81,61,20,2.57,AR,2022-12-01
72,waddan,29.1614,16.139,10.63,51,0,0.19,LY,2022-12-01
73,samarai,-10.6167,150.6667,28.92,73,100,1.53,PG,2022-12-01
74,hurricane,37.1753,-113.2899,6.26,35,9,1.85,US,2022-12-01
75,kodiak,57.79,-152.4072,-2.27,69,100,3.6,US,2022-12-01
76,grand gaube,-20.0064,57.6608,25.77,69,64,2.24,MU,2022-12-01
77,san policarpo,12.1791,125.5072,28.23,83,100,6.5,PH,2022-12-01
78,kangaatsiaq,68.3065,-53.4641,-8.11,77,100,13.51,GL,2022-12-01
79,bethel,41.3712,-73.414,7.49,57,0,5.66,US,2022-12-01
80,vanimo,-2.6741,141.3028,26.51,85,100,2.63,PG,2022-12-01
81,parabel,58.6978,81.4825,-31.14,100,6,1.66,RU,2022-12-01
82,victoria,22.2855,114.1577,17.4,71,100,5.36,HK,2022-12-01
83,east london,-33.0153,27.9116,18.52,94,75,2.06,ZA,2022-12-01
84,la grande,45.3246,-118.0877,3.34,71,100,5.13,US,2022-12-01
85,kristiinankaupunki,62.2743,21.376,-0.22,92,100,2.87,FI,2022-12-01
86,whitehorse,60.7161,-135.0538,-22.88,76,75,6.71,CA,2022-12-01
87,karaj,35.8355,51.0103,8.29,65,75,3.09,IR,2022-12-01
88,hithadhoo,-0.6,73.0833,27.26,69,49,3.62,MV,2022-12-01
89,krasnoturansk,54.3186,91.5639,-23.28,98,81,0.87,RU,2022-12-01
90,norman wells,65.282,-126.8329,-21.98,77,100,1.03,CA,2022-12-01
91,nivala,63.9167,24.9667,-2.95,98,94,1.47,FI,2022-12-01
92,gboko,7.3179,8.9951,22.45,29,95,1.18,NG,2022-12-01
93,koungou,-12.7336,45.2042,24.84,88,0,1.54,YT,2022-12-01
94,bambous virieux,-20.3428,57.7575,25.68,78,40,1.54,MU,2022-12-01
95,clyde river,70.4692,-68.5914,-32.87,62,0,1.03,CA,2022-12-01
96,caborca,30.5838,-111.101,15.11,39,0,1.06,MX,2022-12-01
97,leningradskiy,69.3833,178.4167,-10.09,90,100,4.32,RU,2022-12-01
98,chuy,-33.6971,-53.4616,20.84,90,48,5.75,UY,2022-12-01
99,qaanaaq,77.484,-69.3632,-30.48,85,18,1.63,GL,2022-12-01
100,natal,-5.795,-35.2094,26.36,73,40,3.09,BR,2022-12-01
101,powell river,49.8496,-124.5361,2.0,100,75,1.03,CA,2022-12-01
102,cabo san lucas,22.8909,-109.9124,24.17,74,0,1.54,MX,2022-12-01
103,walvis bay,-22.9575,14.5053,16.16,94,23,3.6,NA,2022-12-01
104,talnakh,69.4865,88.3972,-19.48,100,99,1.82,RU,2022-12-01
105,faya,18.3851,42.4509,9.29,80,14,0.71,SA,2022-12-01
106,lamu,-2.2717,40.902,25.4,84,96,3.81,KE,2022-12-01
107,sinnamary,5.3833,-52.95,24.76,87,79,3.99,GF,2022-12-01
108,airai,-8.9266,125.4092,22.45,67,83,1.0,TL,2022-12-01
109,ancud,-41.8697,-73.8203,7.4,83,2,1.87,CL,2022-12-01
110,dongying,37.4564,118.4856,-1.58,13,0,3.23,CN,2022-12-01
111,nata,8.3333,-80.5167,23.76,92,100,2.34,PA,2022-12-01
112,ponta do sol,32.6667,-17.1,20.4,77,70,3.73,PT,2022-12-01
113,carnarvon,-24.8667,113.6333,24.48,62,4,5.16,AU,2022-12-01
114,kruisfontein,-34.0033,24.7314,15.49,89,24,0.59,ZA,2022-12-01
115,port alfred,-33.5906,26.891,17.88,93,90,0.89,ZA,2022-12-01
116,magistralnyy,56.1725,107.4458,-17.96,91,100,1.93,RU,2022-12-01
117,barrow,71.2906,-156.7887,-2.99,93,100,4.63,US,2022-12-01
118,batagay-alyta,67.8006,130.4114,-24.01,97,100,3.61,RU,2022-12-01
119,souillac,-20.5167,57.5167,24.21,78,40,1.54,MU,2022-12-01
120,tessalit,20.1986,1.0114,19.09,23,44,2.63,ML,2022-12-01
121,charters towers,-20.1,146.2667,27.65,48,77,6.55,AU,2022-12-01
122,grand forks,47.9417,-97.4337,-16.15,78,0,0.0,US,2022-12-01
123,tasiilaq,65.6145,-37.6368,4.09,91,97,5.07,GL,2022-12-01
124,fort nelson,58.8053,-122.7002,-27.25,84,0,2.57,CA,2022-12-01
125,juli,-16.2167,-69.45,6.64,29,0,4.14,PE,2022-12-01
126,vaini,-21.2,-175.2,29.09,74,75,5.14,TO,2022-12-01
127,upington,-28.4478,21.2561,25.21,50,20,3.6,ZA,2022-12-01
128,boa vista,2.8197,-60.6733,25.99,73,0,5.14,BR,2022-12-01
129,batemans bay,-35.7167,150.1833,17.83,62,84,3.14,AU,2022-12-01
130,soyo,-6.1349,12.3689,24.97,82,100,2.03,AO,2022-12-01
131,skjervoy,70.0311,20.9714,-2.0,83,95,1.67,NO,2022-12-01
132,severo-kurilsk,50.6789,156.125,-1.45,62,89,9.64,RU,2022-12-01
133,mount isa,-20.7333,139.5,32.87,18,0,6.17,AU,2022-12-01
134,fortuna,40.5982,-124.1573,9.81,93,100,4.47,US,2022-12-01
135,lagoa,39.05,-27.9833,16.34,75,0,3.37,PT,2022-12-01
136,ribeira grande,38.5167,-28.7,16.54,80,7,1.34,PT,2022-12-01
137,baykit,61.67,96.37,-20.01,98,100,1.46,RU,2022-12-01
138,okhotsk,59.3833,143.3,-18.92,98,100,5.55,RU,2022-12-01
139,gizo,-8.103,156.8419,28.92,71,100,2.37,SB,2022-12-01
140,abatskoye,56.2875,70.4555,-23.18,90,92,2.15,RU,2022-12-01
141,bredasdorp,-34.5322,20.0403,16.57,83,88,2.0,ZA,2022-12-01
142,lavrentiya,65.5833,-171.0,-7.32,91,90,2.66,RU,2022-12-01
143,pervomaysk,48.0443,30.8507,-0.98,65,94,3.34,UA,2022-12-01
144,sambava,-14.2667,50.1667,22.83,85,3,1.77,MG,2022-12-01
145,salym,60.0625,71.4789,-27.88,97,60,0.67,RU,2022-12-01
146,dzhebariki-khaya,62.2167,135.8,-34.52,93,100,1.31,RU,2022-12-01
147,shihezi,44.3,86.0333,-12.93,74,100,0.81,CN,2022-12-01
148,kisangani,0.5167,25.2,19.59,99,100,0.6,CD,2022-12-01
149,new norfolk,-42.7826,147.0587,16.62,33,10,1.29,AU,2022-12-01
150,yellowknife,62.456,-114.3525,-31.36,75,0,1.54,CA,2022-12-01
151,sokoni,-6.4333,39.55,25.87,81,100,3.6,TZ,2022-12-01
152,port elizabeth,-33.918,25.5701,17.16,91,19,1.54,ZA,2022-12-01
153,dudinka,69.4058,86.1778,-14.48,98,100,2.26,RU,2022-12-01
154,poum,-20.2333,164.0167,27.78,81,100,6.6,NC,2022-12-01
155,richards bay,-28.783,32.0377,18.3,90,99,3.43,ZA,2022-12-01
156,saint-philippe,-21.3585,55.7679,26.77,74,22,3.54,RE,2022-12-01
157,worthington,40.0931,-83.018,-0.75,64,100,10.29,US,2022-12-01
158,thompson,55.7435,-97.8558,-28.91,69,0,1.54,CA,2022-12-01
159,sorland,67.667,12.6934,4.92,69,77,4.39,NO,2022-12-01
160,tongchuan,35.0806,109.0897,-2.98,21,90,1.15,CN,2022-12-01
161,zharkent,44.1628,80.0,-0.39,74,100,3.49,KZ,2022-12-01
162,lata,40.1629,-8.3327,10.04,93,97,1.74,PT,2022-12-01
163,pundaguitan,6.3711,126.1689,26.87,83,100,5.4,PH,2022-12-01
164,homer,59.6425,-151.5483,-1.07,84,100,2.24,US,2022-12-01
165,abu dhabi,24.4667,54.3667,22.76,73,84,0.0,AE,2022-12-01
166,fare,-16.7,-151.0167,26.71,78,42,6.13,PF,2022-12-01
167,virginia beach,36.8529,-75.978,13.02,40,20,7.2,US,2022-12-01
168,hamilton,39.1834,-84.5333,-0.16,65,0,8.23,US,2022-12-01
169,oktyabrskoye,43.0645,44.7417,-0.92,100,100,2.0,RU,2022-12-01
170,schruns,47.0709,9.9475,-1.28,94,95,1.15,AT,2022-12-01
171,kathmandu,27.7167,85.3167,12.12,76,20,0.0,NP,2022-12-01
172,san quintin,30.4833,-115.95,13.79,74,0,3.74,MX,2022-12-01
173,udachnyy,66.4167,112.4,-25.31,75,100,9.0,RU,2022-12-01
174,yenagoa,4.9247,6.2642,24.18,92,100,1.56,NG,2022-12-01
175,merauke,-8.4667,140.3333,28.97,73,95,5.39,ID,2022-12-01
176,krasnoselkup,65.7,82.4667,-18.7,97,100,4.99,RU,2022-12-01
177,eureka,40.8021,-124.1637,9.96,95,100,3.58,US,2022-12-01
178,wagar,16.1525,36.2032,23.28,70,0,3.82,SD,2022-12-01
179,longyearbyen,78.2186,15.6401,1.91,80,75,4.63,SJ,2022-12-01
180,meulaboh,4.1363,96.1285,26.5,82,100,1.53,ID,2022-12-01
181,mangai,-4.05,19.5333,19.47,99,100,0.54,CD,2022-12-01
182,chambersburg,39.9376,-77.6611,3.53,53,5,6.81,US,2022-12-01
183,nara,34.6851,135.8049,12.2,39,21,4.46,JP,2022-12-01
184,dossor,47.5272,52.9811,-5.14,26,0,2.98,KZ,2022-12-01
185,zaysan,47.4667,84.8667,-15.02,83,99,1.74,KZ,2022-12-01
186,saint george,37.1041,-113.5841,7.33,40,0,1.54,US,2022-12-01
187,macheng,31.1783,115.0319,3.51,33,100,2.88,CN,2022-12-01
188,carmo do paranaiba,-19.0008,-46.3161,18.75,89,68,1.25,BR,2022-12-01
189,mar del plata,-38.0023,-57.5575,17.83,99,100,4.92,AR,2022-12-01
190,alice springs,-23.7,133.8833,29.75,15,0,4.12,AU,2022-12-01
191,saint anthony,45.0205,-93.218,-9.77,76,0,3.09,US,2022-12-01
192,hambantota,6.1241,81.1185,28.19,83,20,3.6,LK,2022-12-01
193,tecoanapa,16.5167,-98.75,25.8,81,80,1.72,MX,2022-12-01
194,faanui,-16.4833,-151.75,26.97,78,33,6.45,PF,2022-12-01
195,oranjemund,-28.55,16.4333,15.63,92,0,3.61,NA,2022-12-01
196,hovd,48.0056,91.6419,-17.08,64,42,0.54,MN,2022-12-01
197,teya,60.3778,92.6267,-16.7,95,100,2.22,RU,2022-12-01
198,broome,42.2506,-75.833,2.14,67,100,7.2,US,2022-12-01
199,pisco,-13.7,-76.2167,19.03,82,0,5.66,PE,2022-12-01
200,jumla,29.2747,82.1838,15.14,12,0,1.08,NP,2022-12-01
201,mweka,-4.85,21.5667,18.78,99,92,0.32,CD,2022-12-01
202,belmonte,-15.8631,-38.8828,24.42,91,100,4.65,BR,2022-12-01
203,yei,4.095,30.6779,18.56,90,97,1.09,SS,2022-12-01
204,namatanai,-3.6667,152.4333,30.27,62,71,3.58,PG,2022-12-01
205,bengkulu,-3.8004,102.2655,27.75,67,96,2.26,ID,2022-12-01
206,shingu,33.7333,135.9833,13.71,43,64,0.43,JP,2022-12-01
207,port lincoln,-34.7333,135.8667,19.34,57,1,4.37,AU,2022-12-01
208,sao filipe,14.8961,-24.4956,23.81,65,100,4.07,CV,2022-12-01
209,saint-augustin,51.226,-58.6502,-7.89,92,100,0.59,CA,2022-12-01
210,laguna,38.421,-121.4238,11.16,70,0,2.57,US,2022-12-01
211,kumasi,6.6885,-1.6244,21.36,97,21,1.21,GH,2022-12-01
212,hervey bay,-25.2986,152.8535,19.45,88,100,6.71,AU,2022-12-01
213,berezanka,46.8526,31.388,0.29,72,100,5.32,UA,2022-12-01
214,dakar,14.6937,-17.4441,23.49,67,32,7.71,SN,2022-12-01
215,khuzdar,27.7384,66.6434,15.81,22,100,1.01,PK,2022-12-01
216,touros,-5.1989,-35.4608,25.05,76,76,3.82,BR,2022-12-01
217,kalmunai,7.4167,81.8167,27.47,75,100,1.17,LK,2022-12-01
218,maningrida,-12.0667,134.2667,35.09,27,91,0.59,AU,2022-12-01
219,farmington,36.7281,-108.2187,3.21,34,0,2.57,US,2022-12-01
220,esso,55.9333,158.7,-12.91,84,43,2.78,RU,2022-12-01
221,aksarka,66.5606,67.7975,-22.11,97,6,2.71,RU,2022-12-01
222,windsor,42.3001,-83.0165,0.02,69,100,8.23,CA,2022-12-01
223,isangel,-19.55,169.2667,32.06,70,75,1.54,VU,2022-12-01
224,eyemouth,55.8713,-2.0901,1.24,87,100,3.53,GB,2022-12-01
225,san patricio,28.017,-97.5169,15.92,60,24,3.96,US,2022-12-01
226,lompoc,34.6391,-120.4579,13.21,87,100,1.54,US,2022-12-01
227,senec,48.2195,17.4004,4.49,84,0,1.54,SK,2022-12-01
228,huarmey,-10.0681,-78.1522,19.41,84,95,3.47,PE,2022-12-01
229,mazamari,-11.3258,-74.5308,22.47,82,98,0.98,PE,2022-12-01
230,pontes e lacerda,-15.2261,-59.3353,19.98,98,77,1.71,BR,2022-12-01
231,guerrero negro,27.9769,-114.0611,14.99,76,7,4.5,MX,2022-12-01
232,tura,25.5198,90.2201,24.39,54,0,0.27,IN,2022-12-01
233,chokurdakh,70.6333,147.9167,-20.37,98,100,3.9,RU,2022-12-01
234,rio grande,-32.035,-52.0986,21.5,93,98,8.03,BR,2022-12-01
235,san andres,12.5847,-81.7006,28.01,74,40,5.66,CO,2022-12-01
236,te anau,-45.4167,167.7167,15.99,43,34,4.63,NZ,2022-12-01
237,saldanha,-33.0117,17.9442,16.03,93,100,1.67,ZA,2022-12-01
238,sidney,-33.8679,151.2073,22.4,60,75,5.66,AU,2022-12-01
239,namibe,-15.1961,12.1522,20.55,78,99,3.3,AO,2022-12-01
240,mahebourg,-20.4081,57.7,26.25,78,40,1.54,MU,2022-12-01
241,batagay,67.6333,134.6333,-29.05,99,100,0.83,RU,2022-12-01
242,baie-comeau,49.2168,-68.1489,1.82,93,100,6.17,CA,2022-12-01
243,luderitz,-26.6481,15.1594,16.5,81,5,5.09,NA,2022-12-01
244,aksha,50.2814,113.2867,-14.37,62,97,7.45,RU,2022-12-01
245,gat,31.61,34.7642,14.67,61,0,1.36,IL,2022-12-01
246,fossombrone,43.6908,12.8127,6.96,87,100,2.67,IT,2022-12-01
247,george town,5.4112,100.3354,30.96,74,20,3.6,MY,2022-12-01
248,havelock,34.8791,-76.9013,17.99,91,75,4.12,US,2022-12-01
249,northam,51.0333,-4.2167,5.63,85,42,2.76,GB,2022-12-01
250,sao miguel do araguaia,-13.275,-50.1628,21.43,94,95,1.05,BR,2022-12-01
251,urazovka,55.4013,45.6186,-17.72,98,20,1.14,RU,2022-12-01
252,inhambane,-23.865,35.3833,22.99,88,40,4.63,MZ,2022-12-01
253,brewster,41.3973,-73.6171,7.31,65,0,5.66,US,2022-12-01
254,mantua,45.1667,10.7833,5.34,89,35,0.89,IT,2022-12-01
255,tiksi,71.6872,128.8694,-24.33,98,100,6.63,RU,2022-12-01
256,rawson,-43.3002,-65.1023,14.01,69,0,8.95,AR,2022-12-01
257,ler,8.3018,30.1418,24.38,60,99,1.8,SS,2022-12-01
258,cedar city,37.6775,-113.0619,2.54,48,0,3.6,US,2022-12-01
259,sobolevo,54.4299,31.8996,-7.32,92,100,3.47,RU,2022-12-01
260,sao joao da barra,-21.6403,-41.0511,23.54,91,95,7.78,BR,2022-12-01
261,calabozo,8.9242,-67.4293,22.76,80,16,3.19,VE,2022-12-01
262,karanja,20.4833,77.4833,22.15,42,99,2.23,IN,2022-12-01
263,constitucion,-35.3333,-72.4167,11.8,81,0,5.6,CL,2022-12-01
264,half moon bay,37.4636,-122.4286,11.29,76,40,4.12,US,2022-12-01
265,noyabrsk,63.1994,75.4507,-27.69,97,12,2.03,RU,2022-12-01
266,xiamen,24.4798,118.0819,17.36,63,75,6.0,CN,2022-12-01
267,launceston,-41.45,147.1667,22.01,48,75,2.57,AU,2022-12-01
268,mbengwi,6.0167,10.0,16.51,64,94,0.93,CM,2022-12-01
269,ahipara,-35.1667,173.1667,16.81,64,93,6.29,NZ,2022-12-01
270,bykovo,55.6361,38.0803,-12.47,85,40,0.0,RU,2022-12-01
271,show low,34.2542,-110.0298,6.75,46,0,3.09,US,2022-12-01
272,agadez,19.75,10.25,14.55,37,4,3.25,NE,2022-12-01
273,den helder,52.9599,4.7593,6.1,94,100,2.68,NL,2022-12-01
274,margate,51.3813,1.3862,9.27,77,36,3.58,GB,2022-12-01
275,wanaka,-44.7,169.15,18.15,50,87,2.35,NZ,2022-12-01
276,salinopolis,-0.6136,-47.3561,25.78,83,28,3.82,BR,2022-12-01
277,viareggio,43.8735,10.2558,7.45,69,29,2.01,IT,2022-12-01
278,tautira,-17.7333,-149.15,25.69,83,31,6.43,PF,2022-12-01
279,flinders,-34.5833,150.8552,20.7,57,98,3.94,AU,2022-12-01
280,khorinsk,52.1657,109.7726,-14.42,76,100,7.54,RU,2022-12-01
281,vila praia de ancora,41.811,-8.8526,10.06,85,46,2.18,PT,2022-12-01
282,longido,-2.7333,36.6833,17.58,88,100,3.36,TZ,2022-12-01
283,palaikastron,35.2,26.25,17.3,67,38,8.19,GR,2022-12-01
284,bisira,8.5196,-81.7115,14.95,96,100,1.19,PA,2022-12-01
285,alyangula,-13.8483,136.4192,31.51,50,99,4.49,AU,2022-12-01
286,lorengau,-2.0226,147.2712,29.62,67,100,2.45,PG,2022-12-01
287,grindavik,63.8424,-22.4338,6.97,87,75,12.35,IS,2022-12-01
288,colac,-38.3333,143.5833,16.21,50,72,3.26,AU,2022-12-01
289,skaerbaek,55.1573,8.769,4.38,92,100,4.73,DK,2022-12-01
290,bandarbeyla,9.4942,50.8122,25.66,81,9,7.87,SO,2022-12-01
291,manggar,-2.8833,108.2667,30.47,63,100,3.08,ID,2022-12-01
292,quatre cocos,-20.2078,57.7625,26.16,69,48,3.73,MU,2022-12-01
293,sisimiut,66.9395,-53.6735,-9.79,81,96,10.54,GL,2022-12-01
294,ranong,9.9658,98.6348,29.96,65,100,1.83,TH,2022-12-01
295,necochea,-38.5473,-58.7368,15.02,86,100,5.54,AR,2022-12-01
296,narasannapeta,18.4167,84.05,26.89,59,4,2.52,IN,2022-12-01
297,bagli,22.65,76.35,19.77,40,17,2.68,IN,2022-12-01
298,seoul,37.5683,126.9778,-1.34,36,40,3.09,KR,2022-12-01
299,bardiyah,31.7561,25.0865,15.27,62,16,5.45,LY,2022-12-01
300,scarborough,54.2797,-0.4044,4.76,91,79,2.51,GB,2022-12-01
301,pinotepa de don luis,16.4167,-97.9167,20.76,94,69,1.3,MX,2022-12-01
302,tuatapere,-46.1333,167.6833,13.65,58,79,7.1,NZ,2022-12-01
303,rancho palos verdes,33.7445,-118.387,14.99,79,27,2.24,US,2022-12-01
304,melita,49.2681,-100.9967,-18.03,93,99,2.47,CA,2022-12-01
305,kigali,-1.95,30.0588,15.71,100,75,2.06,RW,2022-12-01
306,khuzhir,53.1939,107.3397,-12.98,74,100,6.75,RU,2022-12-01
307,verkhoyansk,67.5447,133.385,-25.98,99,100,0.91,RU,2022-12-01
308,rocha,-34.4833,-54.3333,19.75,93,30,5.91,UY,2022-12-01
309,baracoa,20.3467,-74.4958,25.97,75,52,5.82,CU,2022-12-01
310,kavieng,-2.5744,150.7967,29.23,66,87,2.23,PG,2022-12-01
311,jhang,33.6748,72.6963,12.56,27,67,1.6,PK,2022-12-01
312,chase,50.8165,-119.6857,-5.51,98,100,2.26,CA,2022-12-01
313,nago,26.5881,127.9761,21.24,77,100,7.61,JP,2022-12-01
314,harper,4.375,-7.7169,25.06,85,100,1.2,LR,2022-12-01
315,cabedelo,-6.9811,-34.8339,26.37,75,98,4.23,BR,2022-12-01
316,dovolnoye,54.4958,79.6671,-21.54,90,20,3.18,RU,2022-12-01
317,gohana,29.1333,76.7,19.28,31,0,2.29,IN,2022-12-01
318,ulladulla,-35.35,150.4667,19.7,61,77,4.11,AU,2022-12-01
319,srednekolymsk,67.45,153.6833,-24.36,99,100,3.36,RU,2022-12-01
320,umm kaddadah,13.6017,26.6876,22.11,20,99,7.65,SD,2022-12-01
321,rawah,34.4816,41.9093,13.82,72,20,1.42,IQ,2022-12-01
322,yumen,40.2833,97.2,-8.89,59,100,3.99,CN,2022-12-01
323,cherskiy,68.75,161.3,-8.37,96,100,3.35,RU,2022-12-01
324,lakes entrance,-37.8811,147.981,17.31,68,27,4.67,AU,2022-12-01
325,hastings,50.8552,0.5729,8.84,98,19,5.05,GB,2022-12-01
326,deputatskiy,69.3,139.9,-25.47,99,100,1.61,RU,2022-12-01
327,muravlenko,63.7898,74.523,-26.75,91,10,2.45,RU,2022-12-01
328,bathsheba,13.2167,-59.5167,26.34,78,40,6.17,BB,2022-12-01
329,rio gallegos,-51.6226,-69.2181,8.03,61,40,3.09,AR,2022-12-01
330,ossora,59.2353,163.0719,0.54,98,100,1.45,RU,2022-12-01
331,taitung,22.7583,121.1444,24.15,69,75,4.12,TW,2022-12-01
332,ayan,56.45,138.1667,-19.83,81,100,10.07,RU,2022-12-01
333,ketchikan,55.3422,-131.6461,-4.74,50,0,4.12,US,2022-12-01
334,trapani,37.8333,12.6667,11.05,87,75,2.06,IT,2022-12-01
335,perth,-31.9333,115.8333,24.1,67,100,5.66,AU,2022-12-01
336,glenluce,54.8798,-4.8084,9.72,94,100,5.01,GB,2022-12-01
337,melilla,35.2937,-2.9383,10.21,66,0,1.54,ES,2022-12-01
338,ormara,25.2088,64.6357,24.03,45,99,1.54,PK,2022-12-01
339,yeppoon,-23.1333,150.7333,20.88,81,100,8.0,AU,2022-12-01
340,valparaiso,-33.0393,-71.6273,13.8,82,20,2.06,CL,2022-12-01
341,kousseri,12.0769,15.0306,16.98,67,100,1.54,CM,2022-12-01
342,khatanga,71.9667,102.5,-27.96,97,100,4.28,RU,2022-12-01
343,dingle,10.9995,122.6711,28.66,76,80,6.74,PH,2022-12-01
344,phetchaburi,12.9667,99.5833,30.08,61,97,1.93,TH,2022-12-01
345,grand-bourg,15.8835,-61.3148,22.97,72,2,8.58,GP,2022-12-01
346,iskateley,67.6803,53.1512,-15.02,95,12,4.51,RU,2022-12-01
347,coahuayana,18.7333,-103.6833,23.98,90,40,1.26,MX,2022-12-01
348,skibotn,69.3913,20.2679,0.49,92,99,1.16,NO,2022-12-01
349,belaya gora,68.5333,146.4167,-27.54,100,100,1.32,RU,2022-12-01
350,kaitangata,-46.2817,169.8464,15.41,50,58,5.25,NZ,2022-12-01
351,smirnykh,49.75,142.8333,-14.44,75,71,5.43,RU,2022-12-01
352,katsuura,35.1333,140.3,12.82,86,100,7.59,JP,2022-12-01
353,ust-tarka,55.5672,75.705,-22.38,89,15,2.55,RU,2022-12-01
354,wilson,36.1501,-86.2833,2.94,70,0,0.0,US,2022-12-01
355,toora-khem,52.4675,96.11,-24.69,84,78,0.61,RU,2022-12-01
356,meadow lake,34.8014,-106.5436,7.84,46,85,1.14,US,2022-12-01
357,omboue,-1.5746,9.2618,23.89,89,100,2.06,GA,2022-12-01
358,antofagasta,-23.65,-70.4,17.6,79,4,1.87,CL,2022-12-01
359,sitka,57.0531,-135.33,-5.06,50,0,1.54,US,2022-12-01
360,saint-joseph,-21.3667,55.6167,26.21,75,15,2.87,RE,2022-12-01
361,mana,5.6592,-53.7767,24.34,88,50,3.36,GF,2022-12-01
362,chapais,49.7834,-74.8492,-1.12,90,100,5.88,CA,2022-12-01
363,makakilo city,21.3469,-158.0858,26.18,69,75,4.63,US,2022-12-01
364,pangkalanbuun,-2.6833,111.6167,32.18,53,98,2.01,ID,2022-12-01
365,padang,-0.9492,100.3543,29.03,92,100,2.56,ID,2022-12-01
366,pevek,69.7008,170.3133,-8.1,84,100,4.17,RU,2022-12-01
367,moron,-34.6534,-58.6198,21.09,94,75,5.66,AR,2022-12-01
368,wendo,6.6,38.4167,11.53,63,62,2.3,ET,2022-12-01
369,juneau,58.3019,-134.4197,-7.1,91,0,1.54,US,2022-12-01
370,beringovskiy,63.05,179.3167,-1.32,91,100,6.13,RU,2022-12-01
371,zhigansk,66.7697,123.3711,-33.7,97,91,3.1,RU,2022-12-01
372,caravelas,-17.7125,-39.2481,23.66,95,100,0.5,BR,2022-12-01
373,rettikhovka,44.1683,132.7669,-12.72,53,100,5.63,RU,2022-12-01
374,provideniya,64.3833,-173.3,-1.94,74,100,1.0,RU,2022-12-01
375,musoma,-1.5,33.8,20.01,88,20,0.0,TZ,2022-12-01
376,labytnangi,66.6572,66.4183,-22.1,99,11,1.71,RU,2022-12-01
377,yershichi,53.6725,32.7542,-4.36,86,100,4.0,RU,2022-12-01
378,shenjiamen,29.9576,122.298,8.64,89,100,9.7,CN,2022-12-01
379,fukue,32.6881,128.8419,8.2,57,75,7.2,JP,2022-12-01
380,ayer tawar,4.2954,100.7548,28.97,79,40,0.0,MY,2022-12-01
381,lulea,65.5842,22.1547,-1.96,100,40,1.03,SE,2022-12-01
382,vila franca do campo,37.7167,-25.4333,16.22,84,8,2.15,PT,2022-12-01
383,puerto escondido,15.85,-97.0667,25.22,83,3,1.47,MX,2022-12-01
384,praia da vitoria,38.7333,-27.0667,14.86,88,75,2.33,PT,2022-12-01
385,kamenka,51.3223,42.7678,-6.28,74,6,3.06,RU,2022-12-01
386,warri,5.5167,5.75,24.11,90,67,1.48,NG,2022-12-01
387,kuching,1.55,110.3333,30.61,77,40,1.03,MY,2022-12-01
388,bousso,10.4795,16.7117,20.54,23,78,2.81,TD,2022-12-01
389,alofi,-19.0595,-169.9187,28.94,74,40,2.57,NU,2022-12-01
390,kavaratti,10.5669,72.642,27.64,71,80,1.47,IN,2022-12-01
391,ambilobe,-13.2,49.05,25.74,75,56,0.61,MG,2022-12-01
392,dimbokro,6.6451,-4.7048,22.68,97,39,1.29,CI,2022-12-01
393,klaksvik,62.2266,-6.589,9.51,98,100,11.74,FO,2022-12-01
394,kemin,42.7846,75.6892,-1.15,97,100,1.76,KG,2022-12-01
395,mega,4.05,38.3,15.09,56,52,2.26,ET,2022-12-01
396,narsaq,60.9167,-46.05,-1.88,90,62,2.12,GL,2022-12-01
397,yatou,37.15,122.3833,2.04,45,67,7.25,CN,2022-12-01
398,salacgriva,57.7536,24.3581,-0.97,93,100,2.91,LV,2022-12-01
399,coihaique,-45.5752,-72.0662,6.97,70,0,1.03,CL,2022-12-01
400,superior,46.7208,-92.1041,-10.06,73,0,7.72,US,2022-12-01
401,panama city,8.9936,-79.5197,25.21,85,20,2.57,PA,2022-12-01
402,vao,-22.6667,167.4833,26.63,79,40,4.03,NC,2022-12-01
403,sola,-13.8833,167.55,31.37,70,81,0.0,VU,2022-12-01
404,aripuana,-9.1667,-60.6333,21.9,98,84,1.17,BR,2022-12-01
405,capreol,46.706,-80.9225,-2.47,86,75,5.66,CA,2022-12-01
406,karratha,-20.7377,116.8463,34.44,33,1,5.91,AU,2022-12-01
407,mwense,-10.3845,28.698,17.75,97,57,0.84,ZM,2022-12-01
408,bull savanna,17.8868,-77.5902,23.68,79,2,4.08,JM,2022-12-01
409,sioux lookout,50.1001,-91.917,-11.96,85,100,6.69,CA,2022-12-01
410,sawtell,-30.3833,153.1,18.01,88,75,6.17,AU,2022-12-01
411,naze,28.3667,129.4833,14.51,72,98,8.0,JP,2022-12-01
412,grand-santi,4.25,-54.3833,21.42,100,37,1.0,GF,2022-12-01
413,puqi,29.7167,113.8833,-0.99,90,100,1.79,CN,2022-12-01
414,diamantino,-14.4086,-56.4461,21.56,93,100,1.49,BR,2022-12-01
415,haines junction,60.7522,-137.5108,-26.03,76,99,1.03,CA,2022-12-01
416,bandar,2.05,99.75,27.27,88,99,0.62,ID,2022-12-01
417,lasa,46.6166,10.7002,0.01,77,62,1.05,IT,2022-12-01
418,selma,36.5708,-119.6121,12.21,71,0,3.6,US,2022-12-01
419,mosquera,4.7059,-74.2302,10.05,100,20,2.06,CO,2022-12-01
420,severnyy,50.677,36.5532,-4.98,63,0,5.0,RU,2022-12-01
421,griffith,41.5284,-87.4237,-4.73,68,0,7.2,US,2022-12-01
422,maxixe,-23.8597,35.3472,22.9,88,40,4.63,MZ,2022-12-01
423,belomorsk,64.5232,34.7668,-4.45,95,100,1.81,RU,2022-12-01
424,van,38.4924,43.3831,-0.36,93,40,1.54,TR,2022-12-01
425,taoudenni,22.6783,-3.9836,15.94,22,14,4.02,ML,2022-12-01
426,camabatela,-8.1881,15.375,16.74,97,100,0.85,AO,2022-12-01
427,tigzirt,36.8886,4.1198,12.54,61,100,3.3,DZ,2022-12-01
428,evensk,61.95,159.2333,-2.65,96,100,3.65,RU,2022-12-01
429,shenzhen,22.5455,114.0683,17.34,64,100,5.0,CN,2022-12-01
430,kupang,-10.1667,123.5833,31.32,70,40,3.09,ID,2022-12-01
431,maun,-19.9833,23.4167,18.98,59,0,3.6,BW,2022-12-01
432,spasskoye,44.6108,132.7969,-12.97,53,91,7.56,RU,2022-12-01
433,puli,23.9664,120.9695,25.68,55,7,1.12,TW,2022-12-01
434,mpongwe,-13.5091,28.155,16.37,96,34,2.21,ZM,2022-12-01
435,viljoenskroon,-27.2084,26.9485,19.17,47,86,2.02,ZA,2022-12-01
436,santa rosa,14.3122,121.1114,31.73,72,100,6.53,PH,2022-12-01
437,vilhena,-12.7406,-60.1458,19.62,95,11,1.66,BR,2022-12-01
438,krasnopillya,50.7746,35.2597,-2.34,48,100,6.44,UA,2022-12-01
439,mokhsogollokh,61.4681,128.9203,-26.41,92,100,3.09,RU,2022-12-01
440,warkworth,-36.4,174.6667,17.49,66,99,7.25,NZ,2022-12-01
441,caconda,-13.7333,15.0667,15.4,94,78,0.72,AO,2022-12-01
442,pamplonita,7.437,-72.638,14.88,95,88,0.99,CO,2022-12-01
443,amparafaravola,-17.5833,48.2167,21.19,80,82,1.28,MG,2022-12-01
444,baiyin,36.5583,104.2081,-4.17,25,100,3.0,CN,2022-12-01
445,puchezh,56.9788,43.1676,-12.4,95,35,1.23,RU,2022-12-01
446,kutum,14.2,24.6667,18.08,28,20,2.84,SD,2022-12-01
447,cockburn town,21.4612,-71.1419,27.03,72,75,8.56,TC,2022-12-01
448,xuddur,4.1213,43.8894,21.56,84,95,6.23,SO,2022-12-01
449,enshi,30.3,109.4833,3.22,87,100,0.63,CN,2022-12-01
450,huicheng,23.0385,116.2899,16.99,68,90,6.34,CN,2022-12-01
451,karasjok,69.4719,25.5112,-4.43,96,100,1.65,NO,2022-12-01
452,qaqortoq,60.7167,-46.0333,-6.89,82,66,2.45,GL,2022-12-01
453,lodwar,3.1191,35.5973,26.37,47,87,2.99,KE,2022-12-01
454,tobermory,45.2501,-81.6665,0.29,64,100,17.16,CA,2022-12-01
455,bani,18.2833,-70.3333,24.36,81,1,4.83,DO,2022-12-01
456,talcahuano,-36.7167,-73.1167,11.82,76,0,4.63,CL,2022-12-01
457,mayo,38.8876,-76.5119,7.49,47,0,7.72,US,2022-12-01
458,letpadan,17.7833,95.75,29.82,59,14,2.59,MM,2022-12-01
459,cotonou,6.3654,2.4183,26.18,80,55,1.85,BJ,2022-12-01
460,tevaitoa,-16.7833,-151.5,26.75,79,55,6.82,PF,2022-12-01
461,hammerfest,70.6634,23.6821,0.25,93,100,1.03,NO,2022-12-01
462,caucaia,-3.7361,-38.6531,26.97,73,40,3.09,BR,2022-12-01
463,rudnichnyy,59.617,52.4703,-10.06,98,96,0.73,RU,2022-12-01
464,yuci,37.6803,112.7319,-6.14,27,0,3.0,CN,2022-12-01
465,dunedin,-45.8742,170.5036,12.11,80,94,3.13,NZ,2022-12-01
466,kushiro,42.975,144.3747,-0.47,29,20,6.69,JP,2022-12-01
467,lafiagi,8.8667,5.4167,22.73,47,80,0.52,NG,2022-12-01
468,camana,-16.6228,-72.7111,19.74,80,41,3.41,PE,2022-12-01
469,katherine,-14.4667,132.2667,34.18,17,100,4.63,AU,2022-12-01
470,manaure,11.7751,-72.4445,25.06,82,4,4.92,CO,2022-12-01
471,arandis,-22.4167,14.9667,17.09,63,6,0.19,NA,2022-12-01
472,kassala,15.451,36.4,22.82,70,0,4.42,SD,2022-12-01
473,payakumbuh,-0.2202,100.6308,26.39,80,99,1.22,ID,2022-12-01
474,sur,22.5667,59.5289,24.88,47,43,0.88,OM,2022-12-01
475,azul,-36.777,-59.8585,16.06,89,100,4.34,AR,2022-12-01
476,phayakkhaphum phisai,15.5163,103.1937,28.29,63,84,4.21,TH,2022-12-01
477,iquique,-20.2208,-70.1431,18.02,79,29,0.76,CL,2022-12-01
478,dukat,62.55,155.55,-20.84,98,100,2.26,RU,2022-12-01
479,tabou,4.423,-7.3528,24.7,87,100,0.93,CI,2022-12-01
480,mahibadhoo,3.7833,72.9667,27.24,68,16,1.66,MV,2022-12-01
481,lumphat,13.4878,106.9816,31.54,48,67,3.66,KH,2022-12-01
482,turaiyur,11.1667,78.6167,26.59,71,94,1.97,IN,2022-12-01
483,arlit,18.7369,7.3853,18.64,27,4,3.01,NE,2022-12-01
484,fairbanks,64.8378,-147.7164,-13.21,80,100,1.54,US,2022-12-01
485,bilibino,68.0546,166.4372,-10.17,92,100,2.51,RU,2022-12-01
486,dongsheng,39.8161,109.9776,-11.1,13,0,4.86,CN,2022-12-01
487,prince rupert,54.3161,-130.3201,-4.17,44,0,11.32,CA,2022-12-01
488,wembley,-31.9333,115.8,24.11,67,100,5.66,AU,2022-12-01
489,port hardy,50.6996,-127.4199,-0.9,74,40,6.69,CA,2022-12-01
490,kjollefjord,70.9457,27.3465,2.03,93,100,3.09,NO,2022-12-01
491,urumqi,43.801,87.6005,-16.47,61,0,0.0,CN,2022-12-01
492,zabid,14.1951,43.3152,23.83,74,0,0.37,YE,2022-12-01
493,durango,24.8333,-104.8333,13.07,35,61,1.74,MX,2022-12-01
494,tibati,6.4667,12.6333,18.57,44,99,1.07,CM,2022-12-01
495,kushima,31.4583,131.2333,13.68,47,81,3.2,JP,2022-12-01
496,palu,-0.8917,119.8707,31.2,58,99,1.83,ID,2022-12-01
497,san carlos de bariloche,-41.1456,-71.3082,7.86,66,0,2.57,AR,2022-12-01
498,sorata,-15.7667,-68.6333,7.53,75,52,1.45,BO,2022-12-01
499,okha,53.5739,142.9478,-16.73,87,77,8.82,RU,2022-12-01
500,marsabit,2.3284,37.9899,16.87,89,57,5.92,KE,2022-12-01
501,hofn,64.2539,-15.2082,7.71,81,63,10.13,IS,2022-12-01
502,ginda,30.6945,78.4932,16.97,14,0,1.26,IN,2022-12-01
503,kamaishi,39.2667,141.8833,4.62,49,100,0.53,JP,2022-12-01
504,acapulco,16.8634,-99.8901,26.9,78,75,1.03,MX,2022-12-01
505,palm coast,29.585,-81.2078,18.33,96,100,1.54,US,2022-12-01
506,alekseyevka,50.6309,38.6903,-4.26,56,100,5.27,RU,2022-12-01
507,sapele,5.8941,5.6767,23.68,92,69,0.36,NG,2022-12-01
508,katsina,12.9894,7.6006,16.43,30,56,4.53,NG,2022-12-01
509,zhukovo,55.0318,36.744,-9.12,94,100,1.55,RU,2022-12-01
510,tiarei,-17.5333,-149.3333,28.01,83,27,6.91,PF,2022-12-01
511,panjab,34.388,67.0233,0.38,46,100,0.93,AF,2022-12-01
512,ola,59.5833,151.2833,-5.3,73,100,6.6,RU,2022-12-01
513,aljezur,37.3191,-8.8033,14.26,90,95,1.83,PT,2022-12-01
514,ueda,36.4,138.2667,7.16,73,100,2.09,JP,2022-12-01
515,bumbuna,9.05,-11.7333,21.73,98,80,0.29,SL,2022-12-01
516,kedrovyy,56.1667,91.8167,-17.77,92,100,3.55,RU,2022-12-01
517,muli,2.9167,73.5667,27.2,69,20,1.48,MV,2022-12-01
518,sohag,26.557,31.6948,14.9,50,0,1.65,EG,2022-12-01
519,biryusinsk,55.9634,97.8235,-17.32,92,100,7.22,RU,2022-12-01
520,martapura,-3.4167,114.85,29.05,74,40,1.54,ID,2022-12-01
521,coos bay,43.3665,-124.2179,7.74,94,100,8.23,US,2022-12-01
522,maumere,-8.6199,122.2111,29.21,69,84,1.22,ID,2022-12-01
523,lufilufi,-13.8745,-171.5986,29.88,69,8,1.36,WS,2022-12-01
524,gamba,-2.65,10.0,23.96,90,100,1.64,GA,2022-12-01
525,bira,49.0,132.4667,-18.66,70,31,4.74,RU,2022-12-01
526,road town,18.4167,-64.6167,26.05,73,0,9.23,VG,2022-12-01
527,buchanan,5.8808,-10.0467,24.76,86,95,0.8,LR,2022-12-01
528,maloy,61.9353,5.1136,5.85,72,10,4.37,NO,2022-12-01
529,komsomolskiy,40.4272,71.7189,9.4,61,100,9.26,UZ,2022-12-01
530,nemuro,43.3236,145.575,-0.84,46,46,11.88,JP,2022-12-01
531,verkhnyaya sinyachikha,57.976,61.6673,-14.57,97,100,1.2,RU,2022-12-01
532,assare,-6.8744,-39.875,21.18,88,47,1.12,BR,2022-12-01
533,teknaf,20.8624,92.3058,28.5,66,6,2.26,BD,2022-12-01
534,mercedes,-34.6515,-59.4307,19.24,90,100,5.37,AR,2022-12-01
535,panaba,21.2833,-88.2667,22.77,94,6,3.4,MX,2022-12-01
536,hualmay,-11.0964,-77.6139,19.24,85,75,3.39,PE,2022-12-01
537,corrales,35.2378,-106.6067,8.17,41,100,1.34,US,2022-12-01
538,louis trichardt,-23.0439,29.9032,14.5,75,0,1.97,ZA,2022-12-01
539,bonthe,7.5264,-12.505,25.58,83,76,2.26,SL,2022-12-01
540,geraldton,-28.7667,114.6,24.23,57,75,5.66,AU,2022-12-01
541,port-gentil,-0.7193,8.7815,25.77,83,100,4.27,GA,2022-12-01
542,pokhara,28.2333,83.9833,19.93,41,0,2.0,NP,2022-12-01
543,danilov,58.1908,40.1717,-15.07,98,74,0.97,RU,2022-12-01
544,kita,13.0349,-9.4895,22.1,25,39,1.14,ML,2022-12-01
545,steamboat springs,40.485,-106.8317,-7.22,88,0,1.54,US,2022-12-01
546,pangoa,-12.1167,-73.0,20.82,96,72,1.37,PE,2022-12-01
